Rafael Nogueira,(73) 9661-2972,Joana20@live.com,Tue May 04 2021 13:34:26 GMT-0400 (Horário Padrão do Amazonas)
Sra. Isaac Melo,+55 (67) 8898-6594,AnaJlia_Xavier51@yahoo.com,Fri Apr 23 2021 03:54:13 GMT-0400 (Horário Padrão do Amazonas)
Kléber Moraes,+55 (99) 0909-5860,Tho_Batista16@gmail.com,Tue Jan 19 2021 21:34:50 GMT-0400 (Horário Padrão do Amazonas)
Isaac Xavier,+55 (91) 9310-3774,Lucca.Santos@live.com,Wed Jul 15 2020 18:24:15 GMT-0400 (Horário Padrão do Amazonas)
Sra. Alexandre Nogueira,+55 (97) 1935-0647,Ceclia.Martins49@yahoo.com,Wed Jan 06 2021 07:32:06 GMT-0400 (Horário Padrão do Amazonas)
Lorraine Pereira Filho,(85) 78668-4904,AnaJlia41@live.com,Fri Sep 25 2020 22:23:51 GMT-0400 (Horário Padrão do Amazonas)
Núbia Franco,(61) 36877-8783,Warley_Franco@live.com,Tue Jun 23 2020 07:42:21 GMT-0400 (Horário Padrão do Amazonas)
Salvador Braga,(60) 91472-3040,Alcia82@bol.com.br,Sat Jul 18 2020 06:10:02 GMT-0400 (Horário Padrão do Amazonas)
Lorenzo Souza,+55 (30) 8141-9143,Vitor.Carvalho@gmail.com,Tue May 12 2020 12:29:54 GMT-0400 (Horário Padrão do Amazonas)
Sara Moreira Filho,(71) 89072-4739,JooMiguel84@yahoo.com,Sun Apr 11 2021 05:17:59 GMT-0400 (Horário Padrão do Amazonas)
Dra. Melissa Oliveira,(98) 3605-6679,MariaAlice_Macedo54@live.com,Thu Jul 30 2020 15:06:42 GMT-0400 (Horário Padrão do Amazonas)
Sophia Costa Filho,(58) 74326-7454,Marli23@gmail.com,Mon Jun 29 2020 09:10:40 GMT-0400 (Horário Padrão do Amazonas)
Sr. Marina Silva,+55 (05) 8857-5241,Raul.Souza48@yahoo.com,Mon Mar 22 2021 13:23:37 GMT-0400 (Horário Padrão do Amazonas)
Feliciano Franco,(02) 47792-8398,Sirineu_Costa@bol.com.br,Thu Mar 25 2021 01:51:31 GMT-0400 (Horário Padrão do Amazonas)
Felícia Barros,+55 (22) 9487-6840,Benjamin.Souza@hotmail.com,Sun Nov 01 2020 08:55:59 GMT-0400 (Horário Padrão do Amazonas)
Lorraine Nogueira,+55 (94) 9797-6734,Yago_Carvalho15@live.com,Fri Sep 18 2020 05:54:40 GMT-0400 (Horário Padrão do Amazonas)
Paula Albuquerque,+55 (82) 3369-8566,Samuel_Macedo@bol.com.br,Fri Mar 12 2021 14:28:56 GMT-0400 (Horário Padrão do Amazonas)
Lara Melo Neto,+55 (99) 5763-0557,Larissa_Melo@hotmail.com,Fri Apr 09 2021 06:33:53 GMT-0400 (Horário Padrão do Amazonas)
Roberto Batista,+55 (28) 6141-7385,Gabriel_Costa38@yahoo.com,Fri Feb 12 2021 06:27:54 GMT-0400 (Horário Padrão do Amazonas)
Ígor Braga Filho,(22) 3407-2820,Bruna63@gmail.com,Thu Jun 04 2020 05:43:03 GMT-0400 (Horário Padrão do Amazonas)
Hugo Saraiva,(29) 32713-6699,Helosa_Silva@live.com,Tue Oct 13 2020 19:01:51 GMT-0400 (Horário Padrão do Amazonas)
Yago Carvalho,(60) 99807-5846,Danilo_Oliveira@yahoo.com,Sat May 01 2021 18:50:11 GMT-0400 (Horário Padrão do Amazonas)
Breno Melo Jr.,(02) 8449-1494,Lara38@hotmail.com,Wed Sep 16 2020 13:13:50 GMT-0400 (Horário Padrão do Amazonas)
Raul Batista,+55 (09) 2310-2639,Isabela55@bol.com.br,Wed Feb 03 2021 13:07:21 GMT-0400 (Horário Padrão do Amazonas)
Srta. Maitê Reis,+55 (16) 9615-0689,Hlio28@hotmail.com,Wed Nov 18 2020 16:54:45 GMT-0400 (Horário Padrão do Amazonas)
Rafael Martins,(27) 84613-7462,Ladislau_Barros@hotmail.com,Sun May 02 2021 03:46:48 GMT-0400 (Horário Padrão do Amazonas)
Gúbio Reis,+55 (45) 0380-8804,Isis_Barros@yahoo.com,Mon Mar 22 2021 14:43:22 GMT-0400 (Horário Padrão do Amazonas)
Mariana Barros,+55 (09) 3833-5268,Elsio.Martins71@gmail.com,Fri Apr 23 2021 22:16:20 GMT-0400 (Horário Padrão do Amazonas)
João Pedro Franco,+55 (74) 6433-5153,Gbio_Souza@live.com,Mon May 04 2020 21:00:06 GMT-0400 (Horário Padrão do Amazonas)
João Lucas Braga,+55 (35) 1783-8723,MariaHelena.Oliveira70@live.com,Sat Apr 03 2021 23:02:02 GMT-0400 (Horário Padrão do Amazonas)
Alícia Costa,(55) 89432-1634,Heitor.Melo70@bol.com.br,Tue Mar 09 2021 07:45:56 GMT-0400 (Horário Padrão do Amazonas)
Matheus Batista,+55 (73) 3082-5987,Rafaela5@live.com,Mon Jun 15 2020 06:22:20 GMT-0400 (Horário Padrão do Amazonas)
Elisa Barros,(81) 84730-4791,AnaLuiza_Braga@live.com,Tue May 04 2021 15:31:57 GMT-0400 (Horário Padrão do Amazonas)
Antonella Carvalho,(18) 3746-6132,Bryan_Martins@live.com,Mon Jan 25 2021 23:15:11 GMT-0400 (Horário Padrão do Amazonas)
Srta. Lara Barros,(97) 2987-8639,Danilo_Carvalho93@bol.com.br,Mon May 03 2021 01:35:09 GMT-0400 (Horário Padrão do Amazonas)
Núbia Moraes Neto,(84) 82373-7405,Mrcia97@yahoo.com,Thu Oct 22 2020 04:20:05 GMT-0400 (Horário Padrão do Amazonas)
Yango Silva,(53) 19550-1784,MariaClara_Melo@hotmail.com,Sun May 02 2021 14:49:10 GMT-0400 (Horário Padrão do Amazonas)
Talita Pereira,(95) 74039-2225,Fabrcia14@gmail.com,Wed Sep 30 2020 13:05:15 GMT-0400 (Horário Padrão do Amazonas)
Víctor Carvalho,(88) 8165-6138,Maria_Pereira33@yahoo.com,Sat Jan 09 2021 07:22:11 GMT-0400 (Horário Padrão do Amazonas)
Sarah Braga,(19) 8354-3969,Vitor.Souza84@bol.com.br,Sun Jul 05 2020 09:54:44 GMT-0400 (Horário Padrão do Amazonas)
Alexandre Silva Filho,(75) 52420-7065,Fabrcia47@bol.com.br,Thu Sep 10 2020 14:16:35 GMT-0400 (Horário Padrão do Amazonas)
Dr. Lorena Oliveira,+55 (81) 6549-6221,Alcia_Moreira42@live.com,Tue Mar 16 2021 01:10:08 GMT-0400 (Horário Padrão do Amazonas)
Ricardo Albuquerque,+55 (89) 2648-2990,Nicolas44@bol.com.br,Fri Dec 25 2020 12:09:52 GMT-0400 (Horário Padrão do Amazonas)
Fabiano Costa Neto,(77) 4535-5093,Norberto11@bol.com.br,Sun Aug 09 2020 07:14:47 GMT-0400 (Horário Padrão do Amazonas)
César Souza,(72) 92666-3208,Gabriel25@yahoo.com,Sun Jun 28 2020 12:21:04 GMT-0400 (Horário Padrão do Amazonas)
Miguel Franco,(90) 6020-1570,Elisa.Braga25@bol.com.br,Sun Feb 28 2021 02:49:04 GMT-0400 (Horário Padrão do Amazonas)
Rafaela Silva,+55 (36) 1700-6199,Slvia.Xavier@yahoo.com,Fri Dec 11 2020 00:38:19 GMT-0400 (Horário Padrão do Amazonas)
Isis Souza,(11) 3101-8703,Larissa_Pereira@yahoo.com,Sat Nov 07 2020 15:18:38 GMT-0400 (Horário Padrão do Amazonas)
Felícia Costa,(66) 9760-9860,Isis13@gmail.com,Mon Apr 12 2021 23:43:43 GMT-0400 (Horário Padrão do Amazonas)
Sra. Deneval Moraes,(03) 7069-1633,Yago.Moreira14@hotmail.com,Sat Aug 15 2020 01:49:03 GMT-0400 (Horário Padrão do Amazonas)
Dra. Carlos Moreira,+55 (78) 0713-6377,Manuela.Saraiva@hotmail.com,Sat Jan 16 2021 07:33:15 GMT-0400 (Horário Padrão do Amazonas)
Maria Luiza Macedo,(38) 49995-8564,Vctor_Carvalho@live.com,Fri Mar 05 2021 00:33:54 GMT-0400 (Horário Padrão do Amazonas)
Vitória Carvalho,+55 (92) 3367-9044,JlioCsar_Albuquerque0@bol.com.br,Sat May 16 2020 05:00:41 GMT-0400 (Horário Padrão do Amazonas)
Dra. Lívia Carvalho,(34) 20511-0588,Esther_Costa61@live.com,Fri Aug 28 2020 04:05:30 GMT-0400 (Horário Padrão do Amazonas)
Giovanna Souza,+55 (59) 6514-4933,Alice9@gmail.com,Sun Feb 21 2021 11:13:07 GMT-0400 (Horário Padrão do Amazonas)
Mércia Silva,(47) 8584-6219,Tertuliano_Moreira@bol.com.br,Thu Jun 11 2020 20:58:53 GMT-0400 (Horário Padrão do Amazonas)
Vicente Macedo,(69) 33157-4381,Helena_Souza@gmail.com,Wed Feb 17 2021 02:12:01 GMT-0400 (Horário Padrão do Amazonas)
Giovanna Oliveira,(16) 0232-8561,Fabrcia_Martins@gmail.com,Sun May 17 2020 22:38:55 GMT-0400 (Horário Padrão do Amazonas)
Breno Barros,+55 (55) 1841-0542,Paula74@hotmail.com,Mon Oct 19 2020 10:25:42 GMT-0400 (Horário Padrão do Amazonas)
Matheus Costa,(44) 1403-0790,Davi51@gmail.com,Tue May 12 2020 20:07:19 GMT-0400 (Horário Padrão do Amazonas)
Sr. Melissa Barros,(21) 85145-7902,Matheus4@yahoo.com,Sun Feb 28 2021 22:31:49 GMT-0400 (Horário Padrão do Amazonas)
Nataniel Souza,+55 (81) 8450-5200,Sulen62@hotmail.com,Sun May 10 2020 04:59:30 GMT-0400 (Horário Padrão do Amazonas)
Pedro Henrique Silva,+55 (88) 1084-2077,Gael65@live.com,Sun Sep 20 2020 08:57:24 GMT-0400 (Horário Padrão do Amazonas)
Srta. Raul Carvalho,(21) 2296-0871,Feliciano.Reis10@bol.com.br,Sun Mar 21 2021 09:49:30 GMT-0400 (Horário Padrão do Amazonas)
Maria Júlia Souza,(17) 8592-8183,Mrcia_Batista@yahoo.com,Thu Feb 18 2021 10:09:37 GMT-0400 (Horário Padrão do Amazonas)
Frederico Macedo Filho,(30) 4524-0516,Beatriz.Barros@bol.com.br,Wed Oct 28 2020 10:41:04 GMT-0400 (Horário Padrão do Amazonas)
Srta. Isaac Barros,(88) 89337-0751,Alessandra_Costa@hotmail.com,Sun Sep 13 2020 23:29:54 GMT-0400 (Horário Padrão do Amazonas)
Warley Costa,(58) 9820-5328,Carlos.Xavier@yahoo.com,Sat Nov 28 2020 16:55:24 GMT-0400 (Horário Padrão do Amazonas)
Yuri Souza,(11) 7578-2563,Margarida9@live.com,Sat Mar 13 2021 09:51:53 GMT-0400 (Horário Padrão do Amazonas)
Suélen Barros,+55 (45) 7021-1196,Sulen_Martins63@gmail.com,Sun May 02 2021 08:27:21 GMT-0400 (Horário Padrão do Amazonas)
Antonella Macedo,(96) 45777-6804,Marcelo.Franco@hotmail.com,Sat Apr 10 2021 02:07:37 GMT-0400 (Horário Padrão do Amazonas)
Gustavo Xavier Filho,(77) 78477-6233,Gustavo49@gmail.com,Tue Aug 11 2020 11:35:08 GMT-0400 (Horário Padrão do Amazonas)
Nicolas Oliveira,(42) 16856-4005,Csar.Macedo@live.com,Sat Nov 21 2020 05:26:19 GMT-0400 (Horário Padrão do Amazonas)
Yago Moraes,(89) 9954-4451,Calebe40@bol.com.br,Sun Dec 13 2020 08:01:30 GMT-0400 (Horário Padrão do Amazonas)
Dr. Bruna Barros,(34) 5406-8305,Gustavo93@live.com,Sun May 24 2020 03:09:22 GMT-0400 (Horário Padrão do Amazonas)
Bernardo Oliveira,(45) 96248-2800,MariaCeclia_Souza@yahoo.com,Mon Nov 30 2020 21:26:38 GMT-0400 (Horário Padrão do Amazonas)
Srta. Lavínia Franco,(36) 6128-2715,Silas_Pereira44@gmail.com,Wed Dec 23 2020 05:09:12 GMT-0400 (Horário Padrão do Amazonas)
Luiza Saraiva Filho,(78) 2660-9377,Yago_Barros@hotmail.com,Wed Feb 03 2021 07:22:38 GMT-0400 (Horário Padrão do Amazonas)
Heitor Nogueira,+55 (89) 3744-3706,Jlia52@bol.com.br,Tue May 12 2020 16:47:16 GMT-0400 (Horário Padrão do Amazonas)
Larissa Martins,+55 (53) 7113-1792,Paula8@bol.com.br,Tue Nov 10 2020 07:25:19 GMT-0400 (Horário Padrão do Amazonas)
Júlio Carvalho,+55 (04) 3089-4915,Pedro.Reis7@gmail.com,Wed Sep 30 2020 14:24:15 GMT-0400 (Horário Padrão do Amazonas)
Eloá Carvalho,(69) 25519-8302,Alcia.Carvalho@live.com,Sat Dec 26 2020 05:04:34 GMT-0400 (Horário Padrão do Amazonas)
Dr. Elisa Albuquerque,+55 (74) 5737-6468,Gustavo.Moreira79@live.com,Tue Jul 07 2020 08:22:48 GMT-0400 (Horário Padrão do Amazonas)
Sr. Sílvia Saraiva,(97) 3905-4799,Gael_Macedo@gmail.com,Thu Oct 15 2020 14:58:36 GMT-0400 (Horário Padrão do Amazonas)
Sara Melo Neto,+55 (51) 6988-3543,Jlia.Barros@hotmail.com,Fri Jul 24 2020 03:57:31 GMT-0400 (Horário Padrão do Amazonas)
Clara Pereira,(26) 4444-1633,Bruna_Melo98@live.com,Fri Feb 05 2021 14:23:23 GMT-0400 (Horário Padrão do Amazonas)
João Miguel Moreira,(09) 0605-7314,Klber_Silva45@gmail.com,Wed Sep 23 2020 06:58:55 GMT-0400 (Horário Padrão do Amazonas)
Alice Moraes,+55 (77) 8802-8611,Gael33@live.com,Thu Sep 17 2020 08:10:13 GMT-0400 (Horário Padrão do Amazonas)
Márcia Costa,+55 (86) 9614-3425,Bernardo_Albuquerque@bol.com.br,Sat Jan 23 2021 07:22:02 GMT-0400 (Horário Padrão do Amazonas)
Mércia Costa,(95) 4075-3993,Felcia31@hotmail.com,Sun Apr 25 2021 18:10:27 GMT-0400 (Horário Padrão do Amazonas)
Elísio Pereira,(25) 5958-1883,Slvia74@bol.com.br,Thu Sep 10 2020 01:19:09 GMT-0400 (Horário Padrão do Amazonas)
Dra. Janaína Saraiva,(98) 4628-9733,Giovanna.Franco4@hotmail.com,Mon Mar 22 2021 07:24:06 GMT-0400 (Horário Padrão do Amazonas)
Ana Clara Braga,(26) 8670-9458,Emanuel_Xavier95@live.com,Sun Apr 18 2021 20:18:33 GMT-0400 (Horário Padrão do Amazonas)
Miguel Braga,(72) 05257-4099,Larissa.Souza@bol.com.br,Fri Jan 22 2021 11:08:58 GMT-0400 (Horário Padrão do Amazonas)
Cecília Braga,(14) 5112-5733,Gustavo_Martins0@bol.com.br,Thu Nov 05 2020 20:45:31 GMT-0400 (Horário Padrão do Amazonas)
João Braga,(75) 8022-9061,Isadora4@live.com,Sat Jun 27 2020 00:09:16 GMT-0400 (Horário Padrão do Amazonas)
Isis Batista,(17) 39572-7601,Helosa.Silva72@live.com,Mon Jul 06 2020 07:15:04 GMT-0400 (Horário Padrão do Amazonas)
Sílvia Albuquerque,(63) 59741-9546,Dalila_Macedo28@live.com,Sun Dec 13 2020 17:19:42 GMT-0400 (Horário Padrão do Amazonas)
Bernardo Saraiva,(22) 1724-2126,Lorena69@bol.com.br,Wed May 06 2020 15:46:45 GMT-0400 (Horário Padrão do Amazonas)
Helena Moreira,(58) 40759-7091,Jlia2@yahoo.com,Tue Apr 06 2021 15:44:34 GMT-0400 (Horário Padrão do Amazonas)
